{
"Control": {"bams": ["/gscmnt/gc2645/wgs/qtl/leukos/raw/atac_reads_new/Control3_r1.fq.trim.merged.nodup.bam", "/gscmnt/gc2645/wgs/qtl/leukos/raw/atac_reads_new/Control2_r1.fq.trim.merged.nodup.bam", "/gscmnt/gc2645/wgs/qtl/leukos/raw/atac_reads_new/Control1_r1.fq.trim.merged.nodup.bam"], "narrowPeaks": ["/gscmnt/gc2645/wgs/qtl/leukos/raw/atac_reads_new/Control3_r1.fq.trim.merged.nodup.tn5.pval0.01.300K.narrowPeak", "/gscmnt/gc2645/wgs/qtl/leukos/raw/atac_reads_new/Control2_r1.fq.trim.merged.nodup.tn5.pval0.01.300K.narrowPeak", "/gscmnt/gc2645/wgs/qtl/leukos/raw/atac_reads_new/Control1_r1.fq.trim.merged.nodup.tn5.pval0.01.300K.narrowPeak"]}, "Kdm6bKO": {"bams": ["/gscmnt/gc2645/wgs/qtl/leukos/raw/atac_reads_new/Kdm6bKO3_r1.fq.trim.merged.nodup.bam", "/gscmnt/gc2645/wgs/qtl/leukos/raw/atac_reads_new/Kdm6bKO2_r1.fq.trim.merged.nodup.bam", "/gscmnt/gc2645/wgs/qtl/leukos/raw/atac_reads_new/Kdm6bKO1_r1.fq.trim.merged.nodup.bam"], "narrowPeaks": ["/gscmnt/gc2645/wgs/qtl/leukos/raw/atac_reads_new/Kdm6bKO3_r1.fq.trim.merged.nodup.tn5.pval0.01.300K.narrowPeak", "/gscmnt/gc2645/wgs/qtl/leukos/raw/atac_reads_new/Kdm6bKO2_r1.fq.trim.merged.nodup.tn5.pval0.01.300K.narrowPeak", "/gscmnt/gc2645/wgs/qtl/leukos/raw/atac_reads_new/Kdm6bKO1_r1.fq.trim.merged.nodup.tn5.pval0.01.300K.narrowPeak"]}
}
