{
    "atac.align_only": false,
    "atac.auto_detect_adapter": true,
    "atac.description": "Control",
    "atac.disable_ataqc": false,
    "atac.enable_idr": false,
    "atac.enable_xcor": false,
    "atac.fastqs_rep1_R1": [
        "/gscmnt/gc2645/wgs/qtl/leukos/data/atac_seq/challen_lab_drive/Control1_r1.fq"
    ],
    "atac.fastqs_rep1_R2": [
        "/gscmnt/gc2645/wgs/qtl/leukos/data/atac_seq/challen_lab_drive/Control1_r2.fq"
    ],
    "atac.fastqs_rep2_R1": [
        "/gscmnt/gc2645/wgs/qtl/leukos/data/atac_seq/challen_lab_drive/Control2_r1.fq"
    ],
    "atac.fastqs_rep2_R2": [
        "/gscmnt/gc2645/wgs/qtl/leukos/data/atac_seq/challen_lab_drive/Control2_r2.fq"
    ],
    "atac.fastqs_rep3_R1": [
        "/gscmnt/gc2645/wgs/qtl/leukos/data/atac_seq/challen_lab_drive/Control3_r1.fq"
    ],
    "atac.fastqs_rep3_R2": [
        "/gscmnt/gc2645/wgs/qtl/leukos/data/atac_seq/challen_lab_drive/Control3_r2.fq"
    ],
    "atac.genome_tsv": "/gscmnt/gc2645/wgs/qtl/leukos/pipelines/atac_seq/files/mm10.tsv",
    "atac.idr_thresh": 0.05,
    "atac.multimapping": 4,
    "atac.paired_end": true,
    "atac.pipeline_type": "atac",
    "atac.title": "Control (paired-end)",
    "atac.disable_ataqc": true
}
